{
    "root_group": {
        "name": "",
        "path": "",
        "id": "d41d8cd98f00b204e9800998ecf8427e",
        "groups": {},
        "checks": {}
    },
    "metrics": {
        "iteration_duration": {
            "max": 60445.298252,
            "p(90)": 60430.3635949,
            "p(95)": 60438.66490815,
            "avg": 60376.67002873501,
            "min": 60202.04253,
            "med": 60386.050512999995
        },
        "ws_connecting": {
            "avg": 120.979804375,
            "min": 34.677483,
            "med": 118.383993,
            "max": 278.840143,
            "p(90)": 214.32368549999998,
            "p(95)": 236.48394489999987
        },
        "ws_msgs_received": {
            "count": 656440,
            "rate": 10859.310524275741
        },
        "bids_sent": {
            "count": 194102,
            "rate": 3210.977227748111
        },
        "data_sent": {
            "count": 44526207,
            "rate": 736585.0775107858
        },
        "iterations": {
            "count": 200,
            "rate": 3.308546256863001
        },
        "successful_connections": {
            "count": 200,
            "rate": 3.308546256863001
        },
        "vus": {
            "value": 200,
            "min": 200,
            "max": 200
        },
        "vus_max": {
            "value": 200,
            "min": 200,
            "max": 200
        },
        "ws_sessions": {
            "count": 200,
            "rate": 3.308546256863001
        },
        "ws_msgs_sent": {
            "count": 194502,
            "rate": 3217.594320261837
        },
        "data_received": {
            "count": 199908618,
            "rate": 3307034.5489927777
        },
        "ws_session_duration": {
            "avg": 60376.55805010499,
            "min": 60201.891494,
            "med": 60385.9838195,
            "max": 60445.268232,
            "p(90)": 60430.0369002,
            "p(95)": 60438.609553350005
        }
    }
}