{
    "metrics": {
        "ws_msgs_received": {
            "count": 324062,
            "rate": 32087.78274078341
        },
        "ws_session_duration": {
            "med": 10067.238411999999,
            "max": 10098.651015,
            "p(90)": 10096.023846099999,
            "p(95)": 10096.80557165,
            "avg": 10061.577018089998,
            "min": 10012.745803
        },
        "vus": {
            "value": 100,
            "min": 100,
            "max": 100
        },
        "iterations": {
            "count": 100,
            "rate": 9.901741870624575
        },
        "ws_sessions": {
            "count": 100,
            "rate": 9.901741870624575
        },
        "ws_connecting": {
            "min": 5.04716,
            "med": 42.999297,
            "max": 91.751795,
            "p(90)": 75.2720987,
            "p(95)": 81.57798135,
            "avg": 43.16322178
        },
        "bids_sent": {
            "count": 9973,
            "rate": 987.5007167573888
        },
        "vus_max": {
            "value": 100,
            "min": 100,
            "max": 100
        },
        "iteration_duration": {
            "p(90)": 10096.0721366,
            "p(95)": 10096.859384200001,
            "avg": 10061.672606869997,
            "min": 10012.792989,
            "med": 10067.293203000001,
            "max": 10098.792121
        },
        "successful_connections": {
            "count": 100,
            "rate": 9.901741870624575
        },
        "ws_msgs_sent": {
            "count": 10173,
            "rate": 1007.3042004986379
        },
        "data_sent": {
            "count": 2189224,
            "rate": 216771.30944976214
        },
        "data_received": {
            "count": 97680687,
            "rate": 9672089.484192735
        }
    },
    "root_group": {
        "path": "",
        "id": "d41d8cd98f00b204e9800998ecf8427e",
        "groups": {},
        "checks": {},
        "name": ""
    }
}